question,contexts,ground_truth,evolution_type,metadata,episode_done
 What types of state-of-the-art facilities can students expect to find at NTU's Clifton Campus for their Computer Science studies?,"[""- BSc (Hons)\n\nAbout Computer Science\n\nFrom artificial intelligence to game technology, our courses span the whole spectrum of computer science.\n\nYou’ll study in state-of-the-art facilities at our Clifton Campus, which includes a robot arena, games consoles, networking and security, and human-interactive technology labs. It’s a self-contained campus with all the mod cons and equipment you might need.\n\nYou can count on the support of industry veterans from across the sector – from Fujitsu Systems to the US Department of Homeland Security. You can apply your learning to work placements, live industry briefs and research projects, as you gain real-world experience and enhance your career prospects in computing.\n\nLearn more about Computer Science at NTU\n\nDiscover the inspiring story behind Hannah's decision to pursue Computer Science at NTU. Look through other videos for an insightful tour of our facilities and get a glimpse into the enriching academic journey that awaits you.""]","Students studying Computer Science at NTU's Clifton Campus can expect to find a variety of state-of-the-art facilities, including a robot arena, games consoles, networking and security labs, as well as human-interactive technology labs. The campus is self-contained with all the necessary mod cons and equipment.",simple,"[{'source': 'https://www.ntu.ac.uk/course/computer-science', 'title': 'Computer Science | Nottingham Trent University', 'description': ""Pursue your passion for computer science. You'll get involved in industry projects and  research to develop skills and experience employers are looking for."", 'language': 'en', 'filename': 'https://www.ntu.ac.uk/course/computer-science'}]",TRUE
 What was the overall quality improvement of NTU's research submissions to the Research Excellence Framework (REF) in 2021 compared to the previous REF in 2014?,"[""Cyber Security Research Group (CSRG)\n        The cyber security research group (CSRG) is a dynamic team of seasoned professionals dedicated to researching and implementing effective solutions to safeguard against cyber threats.\n\nResearch Excellence Framework (REF) 2021\n\nIn the latest Research Excellence Framework (REF) 2021, 86% of NTU's research impact was assessed to be either world-leading or internationally excellent. The overall quality of each Unit of Assessment NTU submitted to REF in 2021 also saw an improvement from the previous REF in 2014.\n\nFind out more about REF 2021\n\nFind out more about our research\n\nOur facilities\n\nWith over £8 million invested, our computer science students will study in facilities designed to very high specifications with a variety of electronic and communication laboratories.""]",The overall quality of each Unit of Assessment at NTU submitted to REF in 2021 saw an improvement from the previous REF in 2014.,simple,"[{'source': 'https://www.ntu.ac.uk/study-and-courses/academic-schools/science-and-technology/Computer-Science', 'title': 'Department of Computer Science | Nottingham Trent University', 'description': 'Digital experts are at the core of modern society. Meet Nottingham Trent University’s Department of Computer Science.', 'language': 'en', 'filename': 'https://www.ntu.ac.uk/study-and-courses/academic-schools/science-and-technology/Computer-Science'}]",TRUE
 What is the role of NTU's Interdisciplinary Science and Technology Centre (ISTeC) in supporting research and majors in Computer Science?,"['Computer Science Facilities\n        Find out about our impressive range of Computer Science facilities available in the Interdisciplinary Science and Technology Centre (ISTeC).\n\nInterdisciplinary Science and Technology Centre (ISTeC)\n        ISTeC is a cutting-edge 13 million facility at NTU, supporting research and majors in Computer Science, Bioscience, Chemistry, and Sport Science.\n\nLatest news\n\nAccelerate your research with NTU’s new supercomputing Hydra AI service\n        \n            Wed 15 May 2024\n\nStudy will develop AI to spot lung cancer risk from patient data\n        \n            Mon 11 Mar 2024\n\nCARPHA and NTU Forge Strategic Partnership to Tackle NCDs\n        \n            Thu 25 May 2023\n\nNotts Healthcare launches interactive walks App to boost physical and mental health\n        \n            Thu 30 Jun 2022\n\nNTU researcher among the ‘Top 50 Women in Engineering’\n        \n            Thu 23 Jun 2022']","The Interdisciplinary Science and Technology Centre (ISTeC) at NTU supports research and majors in Computer Science by providing a cutting-edge facility that is part of its overall mission to support various fields including Computer Science, Bioscience, Chemistry, and Sport Science.",simple,"[{'source': 'https://www.ntu.ac.uk/study-and-courses/academic-schools/science-and-technology/Computer-Science', 'title': 'Department of Computer Science | Nottingham Trent University', 'description': 'Digital experts are at the core of modern society. Meet Nottingham Trent University’s Department of Computer Science.', 'language': 'en', 'filename': 'https://www.ntu.ac.uk/study-and-courses/academic-schools/science-and-technology/Computer-Science'}]",TRUE
 What are the roles and responsibilities held by Joanna Hartley within the Computer Science department?,['Meet the team\n\nAhmad Lotfi\n        \t                \n                                                                                                Professor and Head of Department\n                                                                                        \n                                                                                                                                                                                        \n                                                                                                Computer Science\n\nJoanna Hartley\n            \n            \n                \n                Deputy Head of Department\n                \n            \n            \n              \n                \n                    \n                \n            \n            \n                        \n                \n                Computer Science'],Joanna Hartley holds the role of Deputy Head of Department in the Computer Science department.,simple,"[{'source': 'https://www.ntu.ac.uk/study-and-courses/academic-schools/science-and-technology/Computer-Science', 'title': 'Department of Computer Science | Nottingham Trent University', 'description': 'Digital experts are at the core of modern society. Meet Nottingham Trent University’s Department of Computer Science.', 'language': 'en', 'filename': 'https://www.ntu.ac.uk/study-and-courses/academic-schools/science-and-technology/Computer-Science'}]",TRUE
 What is the role of the Interdisciplinary Science and Technology Centre (ISTeC) at NTU in supporting research and majors across various fields?,"['Computer Science Facilities\n        Find out about our impressive range of Computer Science facilities available in the Interdisciplinary Science and Technology Centre (ISTeC).\n\nInterdisciplinary Science and Technology Centre (ISTeC)\n        ISTeC is a cutting-edge 13 million facility at NTU, supporting research and majors in Computer Science, Bioscience, Chemistry, and Sport Science.\n\nLatest news\n\nAccelerate your research with NTU’s new supercomputing Hydra AI service\n        \n            Wed 15 May 2024\n\nStudy will develop AI to spot lung cancer risk from patient data\n        \n            Mon 11 Mar 2024\n\nCARPHA and NTU Forge Strategic Partnership to Tackle NCDs\n        \n            Thu 25 May 2023\n\nNotts Healthcare launches interactive walks App to boost physical and mental health\n        \n            Thu 30 Jun 2022\n\nNTU researcher among the ‘Top 50 Women in Engineering’\n        \n            Thu 23 Jun 2022']","The Interdisciplinary Science and Technology Centre (ISTeC) at NTU plays a significant role in supporting research and majors across various fields, including Computer Science, Bioscience, Chemistry, and Sport Science. It is a cutting-edge facility with an investment of 13 million, providing resources for interdisciplinary studies and advancements.",simple,"[{'source': 'https://www.ntu.ac.uk/study-and-courses/academic-schools/science-and-technology/Computer-Science', 'title': 'Department of Computer Science | Nottingham Trent University', 'description': 'Digital experts are at the core of modern society. Meet Nottingham Trent University’s Department of Computer Science.', 'language': 'en', 'filename': 'https://www.ntu.ac.uk/study-and-courses/academic-schools/science-and-technology/Computer-Science'}]",TRUE
" What is the nature of postgraduate courses offered by the Department of Computer Science at NTU, and how do they prepare students for their chosen fields?","['Home\n\nStudy\n\nAcademic Schools\n\nScience and Technology\n\nDepartment of Computer Science\n\nDepartment of Computer Science\n\nWelcome to the Department of Computer Science at NTU. The department combines internationally significant research with an outstanding record for teaching excellence. Our state-of-the-art facilities and career-focused approach to course design provide the right conditions for students to succeed in their chosen fields.\n\nOur undergraduate and postgraduate courses are designed to be industrially relevant with the right balance of theory and practice. The British Computing Society (BCS) have accredited all of our undergraduate degrees to Chartered IT Professional (CITP) status, and towards Chartered Engineer (CEng) status with the Engineering Council. We are a thriving department combining expertise with modern facilities and equipment to create an outstanding environment for learning and development.']","The postgraduate courses offered by the Department of Computer Science at NTU are designed to be industrially relevant with a balance of theory and practice. They provide an outstanding environment for learning and development, combining expertise with modern facilities and equipment. The British Computing Society (BCS) has accredited all undergraduate degrees to Chartered IT Professional (CITP) status, and towards Chartered Engineer (CEng) status with the Engineering Council, which also reflects on the postgraduate courses.",simple,"[{'source': 'https://www.ntu.ac.uk/study-and-courses/academic-schools/science-and-technology/Computer-Science', 'title': 'Department of Computer Science | Nottingham Trent University', 'description': 'Digital experts are at the core of modern society. Meet Nottingham Trent University’s Department of Computer Science.', 'language': 'en', 'filename': 'https://www.ntu.ac.uk/study-and-courses/academic-schools/science-and-technology/Computer-Science'}]",TRUE
 What are the various departments and programs offered under Academic Schools in Nottingham?,"['Academic Schools\n\nAnimal, Rural and Environmental Sciences\n\nArchitecture, Design and the Built Environment\n\nNottingham School of Art & Design\n\nArts and Humanities\n\nNottingham Business School\n\nNottingham Law School\n\nScience and Technology\n\nDepartment of Biosciences\n\nDepartment of Chemistry\n\nDepartment of Computer Science\n\nDepartment of Engineering\n\nDepartment of Forensic Science\n\nDepartment of Mathematics\n\nDepartment of Physics\n\nDepartment of Sport Science\n\nLeadership Team - Science and Technology\n\nForensic Science Short Courses\n\nView leadership team\n\nView all staff\n\nView all news\n\nSearch our research\n\nOpportunities\n\nThe John van Geest Cancer Research Centre\n\nPhysics and Mathematics Scholarship Group\n\nSocial Sciences\n\nNTU in Mansfield\n\nView all NLS staff\n\nView all NLS News\n\nView all NLS events\n\nNLS Leadership Team\n\nNLS Legal']","Under Academic Schools in Nottingham, various departments and programs are offered including Animal, Rural and Environmental Sciences; Architecture, Design and the Built Environment; Arts and Humanities; Business; Law; Science and Technology with a Leadership Team - Science and Technology; Forensic Science Short Courses; Department of Biosciences; Department of Chemistry; Department of Computer Science; Department of Engineering; Department of Forensic Science; Department of Mathematics; Department of Physics; Department of Sport Science. Additionally, there is the John van Geest Cancer Research Centre and opportunities such as the Physics and Mathematics Scholarship Group, Social Sciences, NTU in Mansfield, and various staff, news, events, and legal services.",simple,"[{'source': 'https://www.ntu.ac.uk/study-and-courses/academic-schools/science-and-technology/Computer-Science', 'title': 'Department of Computer Science | Nottingham Trent University', 'description': 'Digital experts are at the core of modern society. Meet Nottingham Trent University’s Department of Computer Science.', 'language': 'en', 'filename': 'https://www.ntu.ac.uk/study-and-courses/academic-schools/science-and-technology/Computer-Science'}]",TRUE
 What opportunities does a BSc (Hons) in Computer Science at NTU offer for students to gain real-world experience and enhance their career prospects?,"[""- BSc (Hons)\n\nAbout Computer Science\n\nFrom artificial intelligence to game technology, our courses span the whole spectrum of computer science.\n\nYou’ll study in state-of-the-art facilities at our Clifton Campus, which includes a robot arena, games consoles, networking and security, and human-interactive technology labs. It’s a self-contained campus with all the mod cons and equipment you might need.\n\nYou can count on the support of industry veterans from across the sector – from Fujitsu Systems to the US Department of Homeland Security. You can apply your learning to work placements, live industry briefs and research projects, as you gain real-world experience and enhance your career prospects in computing.\n\nLearn more about Computer Science at NTU\n\nDiscover the inspiring story behind Hannah's decision to pursue Computer Science at NTU. Look through other videos for an insightful tour of our facilities and get a glimpse into the enriching academic journey that awaits you.""]","A BSc (Hons) in Computer Science at NTU offers various opportunities for students to gain real-world experience and enhance their career prospects. These include work placements, live industry briefings, and research projects. Students can also benefit from the support of industry veterans across sectors such as Fujitsu Systems and the US Department of Homeland Security.",simple,"[{'source': 'https://www.ntu.ac.uk/course/computer-science', 'title': 'Computer Science | Nottingham Trent University', 'description': ""Pursue your passion for computer science. You'll get involved in industry projects and  research to develop skills and experience employers are looking for."", 'language': 'en', 'filename': 'https://www.ntu.ac.uk/course/computer-science'}]",TRUE
 What are the different undergraduate and postgraduate computer science courses offered at NTU?,"['Home\n\nCourses\n\nComputer Science\n\nComputer Science\n\nAs the digital economy continues to grow, and new and increasingly powerful technologies emerge, computer science underpins more and more of modern life. At NTU, we’ll use industry projects and collaborative research to help you develop the skills and experience that employers are looking for.\n\nFind your course\n\nOpen days are the perfect way to see what makes life and learning at NTU so special.\n\nBook an open day\n\nUndergraduate courses\n\nArtificial Intelligence\n\n\n\n    - MSc\n\nCloud and Enterprise Computing\n\n\n\n    - MSc\n\nComputer Science\n\n\n\n    - MSc\n\nComputer Science\n\n\n\n    - MComp (Hons)\n\nComputer Science\n\n\n\n    - BSc (Hons)\n\nComputer Science (Games Technology)\n\n\n\n    - BSc (Hons)\n\nComputer Science (with foundation year)\n\n\n\n    - BSc (Hons)\n\nComputer Science - Artificial Intelligence\n\n\n\n    - BSc (Hons)\n\nComputer Science - Artificial Intelligence (with foundation year)\n\n\n\n    - BSc (Hons)']","NTU offers various undergraduate and postgraduate computer science courses, including MSc in Cloud and Enterprise Computing, MComp (Hons) Computer Science, BSc (Hons) Computer Science with a focus on Games Technology, BSc (Hons) Computer Science, BSc (Hons) Computer Science - Artificial Intelligence, and BSc (Hons) Computer Science - Artificial Intelligence with foundation year.",simple,"[{'source': 'https://www.ntu.ac.uk/course/computer-science', 'title': 'Computer Science | Nottingham Trent University', 'description': ""Pursue your passion for computer science. You'll get involved in industry projects and  research to develop skills and experience employers are looking for."", 'language': 'en', 'filename': 'https://www.ntu.ac.uk/course/computer-science'}]",TRUE
 What is the benefit of a hands-on teaching approach in computer science courses?,"[""Careers in Computer Science\n\nThe industry-focused nature of our courses ensures you stand out from the crowd when it comes to job applications and pursuing your future career. Our graduates are widely respected amongst employers and are perceived as having a competitive edge due to the hands-on approach of our teaching.\n\nOur recent graduates have secured roles at companies including:\n\nNext Retail Ltd\n\nBoots UK\n\nCisco Systems\n\nSchlumberger\n\nExperian\n\nBT\n\nRockstar Games\n\nWorldwide Clinical Trials UK Ltd\n\nAmerican Express\n\nUK Government\n\nThey have gone into a wide variety of job roles including:\n\nBusiness Analyst\n\nProgrammer\n\nProject Software Implementation Officer\n\nWeb Developer\n\nGames Tester\n\nGraduate Game Development and Programmer\n\nSoftware Engineer\n\nCyber Security Analyst\n\nProduct Consultant\n\nExplore Computer Science\n\nFind out about the facilities you'll have access to on your course and the benefits and support you'll receive as an NTU student.""]","A hands-on teaching approach in computer science courses provides numerous benefits, including equipping students with practical skills and experience that make them stand out to employers. This method allows graduates to be perceived as having a competitive edge due to their ability to apply theoretical knowledge effectively in real-world scenarios.",simple,"[{'source': 'https://www.ntu.ac.uk/course/computer-science', 'title': 'Computer Science | Nottingham Trent University', 'description': ""Pursue your passion for computer science. You'll get involved in industry projects and  research to develop skills and experience employers are looking for."", 'language': 'en', 'filename': 'https://www.ntu.ac.uk/course/computer-science'}]",TRUE
 What facilities and equipment are available at the NTU's Clifton Campus for students studying Computer Science?,"[""- BSc (Hons)\n\nAbout Computer Science\n\nFrom artificial intelligence to game technology, our courses span the whole spectrum of computer science.\n\nYou’ll study in state-of-the-art facilities at our Clifton Campus, which includes a robot arena, games consoles, networking and security, and human-interactive technology labs. It’s a self-contained campus with all the mod cons and equipment you might need.\n\nYou can count on the support of industry veterans from across the sector – from Fujitsu Systems to the US Department of Homeland Security. You can apply your learning to work placements, live industry briefs and research projects, as you gain real-world experience and enhance your career prospects in computing.\n\nLearn more about Computer Science at NTU\n\nDiscover the inspiring story behind Hannah's decision to pursue Computer Science at NTU. Look through other videos for an insightful tour of our facilities and get a glimpse into the enriching academic journey that awaits you.""]","At NTU's Clifton Campus, students studying Computer Science have access to state-of-the-art facilities including a robot arena, games consoles, networking and security labs, as well as human-interactive technology labs. The campus is self-contained with all the necessary mod cons and equipment.",simple,"[{'source': 'https://www.ntu.ac.uk/course/computer-science', 'title': 'Computer Science | Nottingham Trent University', 'description': ""Pursue your passion for computer science. You'll get involved in industry projects and  research to develop skills and experience employers are looking for."", 'language': 'en', 'filename': 'https://www.ntu.ac.uk/course/computer-science'}]",TRUE
 What is the location of NTU's Computer Science facilities?,['Department of Computer Science\n        Welcome to the Computer Science Department at NTU. The department combines internationally significant research with an outstanding record for teaching excellence. Our state-of-the-art facilities and career-focused approach to course design provide the right conditions for students to succeed in their chosen fields.\n\nComputer Science facilities\n        Explore our our Computer Science facilities at our Clifton Campus. You can take a look at the outstanding lab facilities in our ISTeC building.\n\nTake a virtual tour\n        The NTU virtual tour is a great way to get to know our University from the comfort of your own home.\n\nSupporting your success\n        What makes life and learning at NTU so special? Discover just a few of the benefits and free services designed to enhance your student experience.\n\nSearch for a specific course\n\nOrder a prospectus\n\nBook an open day\n\nLearn about life in Nottingham\n\nChat to students or staff\n\nAlso in'],"NTU's Computer Science facilities are located at their Clifton Campus, where you can explore the outstanding lab facilities in our ISTeC building.",simple,"[{'source': 'https://www.ntu.ac.uk/course/computer-science', 'title': 'Computer Science | Nottingham Trent University', 'description': ""Pursue your passion for computer science. You'll get involved in industry projects and  research to develop skills and experience employers are looking for."", 'language': 'en', 'filename': 'https://www.ntu.ac.uk/course/computer-science'}]",TRUE
 What is the size of the Computer Science facilities at NTU's Interdisciplinary Science and Technology Centre (ISTeC)?,"['Computer Science Facilities\n        Find out about our impressive range of Computer Science facilities available in the Interdisciplinary Science and Technology Centre (ISTeC).\n\nInterdisciplinary Science and Technology Centre (ISTeC)\n        ISTeC is a cutting-edge 13 million facility at NTU, supporting research and majors in Computer Science, Bioscience, Chemistry, and Sport Science.\n\nLatest news\n\nAccelerate your research with NTU’s new supercomputing Hydra AI service\n        \n            Wed 15 May 2024\n\nStudy will develop AI to spot lung cancer risk from patient data\n        \n            Mon 11 Mar 2024\n\nCARPHA and NTU Forge Strategic Partnership to Tackle NCDs\n        \n            Thu 25 May 2023\n\nNotts Healthcare launches interactive walks App to boost physical and mental health\n        \n            Thu 30 Jun 2022\n\nNTU researcher among the ‘Top 50 Women in Engineering’\n        \n            Thu 23 Jun 2022']","The ISTeC is a cutting-edge 13 million facility at NTU, supporting research and majors in various fields including Computer Science.",simple,"[{'source': 'https://www.ntu.ac.uk/study-and-courses/academic-schools/science-and-technology/Computer-Science', 'title': 'Department of Computer Science | Nottingham Trent University', 'description': 'Digital experts are at the core of modern society. Meet Nottingham Trent University’s Department of Computer Science.', 'language': 'en', 'filename': 'https://www.ntu.ac.uk/study-and-courses/academic-schools/science-and-technology/Computer-Science'}]",TRUE
 What features and resources are available at the Clifton Campus for students studying Computer Science?,"[""- BSc (Hons)\n\nAbout Computer Science\n\nFrom artificial intelligence to game technology, our courses span the whole spectrum of computer science.\n\nYou’ll study in state-of-the-art facilities at our Clifton Campus, which includes a robot arena, games consoles, networking and security, and human-interactive technology labs. It’s a self-contained campus with all the mod cons and equipment you might need.\n\nYou can count on the support of industry veterans from across the sector – from Fujitsu Systems to the US Department of Homeland Security. You can apply your learning to work placements, live industry briefs and research projects, as you gain real-world experience and enhance your career prospects in computing.\n\nLearn more about Computer Science at NTU\n\nDiscover the inspiring story behind Hannah's decision to pursue Computer Science at NTU. Look through other videos for an insightful tour of our facilities and get a glimpse into the enriching academic journey that awaits you.""]","The Clifton Campus offers state-of-the-art facilities for computer science students, including a robot arena, games consoles, networking and security labs, as well as human-interactive technology labs. It is a self-contained campus with modern amenities to support the learning experience.",simple,"[{'source': 'https://www.ntu.ac.uk/course/computer-science', 'title': 'Computer Science | Nottingham Trent University', 'description': ""Pursue your passion for computer science. You'll get involved in industry projects and  research to develop skills and experience employers are looking for."", 'language': 'en', 'filename': 'https://www.ntu.ac.uk/course/computer-science'}]",TRUE
 What are the computer science facilities available at NTU's Clifton Campus?,['Department of Computer Science\n        Welcome to the Computer Science Department at NTU. The department combines internationally significant research with an outstanding record for teaching excellence. Our state-of-the-art facilities and career-focused approach to course design provide the right conditions for students to succeed in their chosen fields.\n\nComputer Science facilities\n        Explore our our Computer Science facilities at our Clifton Campus. You can take a look at the outstanding lab facilities in our ISTeC building.\n\nTake a virtual tour\n        The NTU virtual tour is a great way to get to know our University from the comfort of your own home.\n\nSupporting your success\n        What makes life and learning at NTU so special? Discover just a few of the benefits and free services designed to enhance your student experience.\n\nSearch for a specific course\n\nOrder a prospectus\n\nBook an open day\n\nLearn about life in Nottingham\n\nChat to students or staff\n\nAlso in'],The Computer Science facilities at NTU's Clifton Campus include outstanding lab facilities located in the ISTeC building. Students can explore these facilities to enhance their learning experience.,simple,"[{'source': 'https://www.ntu.ac.uk/course/computer-science', 'title': 'Computer Science | Nottingham Trent University', 'description': ""Pursue your passion for computer science. You'll get involved in industry projects and  research to develop skills and experience employers are looking for."", 'language': 'en', 'filename': 'https://www.ntu.ac.uk/course/computer-science'}]",TRUE
 What types of facilities are typically available to support computer science education and research?,['Also in\n\nComputer Science\n\nComputer Science facilities'],"Typically, facilities supporting computer science education and research include laboratories equipped with the latest computing hardware and software, lecture halls for teaching, libraries with extensive resources on computer science topics, collaborative workspaces for group projects, as well as access to specialized equipment like servers, supercomputers, and simulation tools. These facilities are designed to foster learning, innovation, and research in various areas of computer science.",simple,"[{'source': 'https://www.ntu.ac.uk/course/computer-science', 'title': 'Computer Science | Nottingham Trent University', 'description': ""Pursue your passion for computer science. You'll get involved in industry projects and  research to develop skills and experience employers are looking for."", 'language': 'en', 'filename': 'https://www.ntu.ac.uk/course/computer-science'}]",TRUE
 What features and resources are available at the Clifton Campus for students studying Computer Science?,"[""- BSc (Hons)\n\nAbout Computer Science\n\nFrom artificial intelligence to game technology, our courses span the whole spectrum of computer science.\n\nYou’ll study in state-of-the-art facilities at our Clifton Campus, which includes a robot arena, games consoles, networking and security, and human-interactive technology labs. It’s a self-contained campus with all the mod cons and equipment you might need.\n\nYou can count on the support of industry veterans from across the sector – from Fujitsu Systems to the US Department of Homeland Security. You can apply your learning to work placements, live industry briefs and research projects, as you gain real-world experience and enhance your career prospects in computing.\n\nLearn more about Computer Science at NTU\n\nDiscover the inspiring story behind Hannah's decision to pursue Computer Science at NTU. Look through other videos for an insightful tour of our facilities and get a glimpse into the enriching academic journey that awaits you.""]","The Clifton Campus offers state-of-the-art facilities for computer science students, including a robot arena, games consoles, networking and security labs, as well as human-interactive technology labs. It is a self-contained campus with modern amenities to support the learning experience.",simple,"[{'source': 'https://www.ntu.ac.uk/course/computer-science', 'title': 'Computer Science | Nottingham Trent University', 'description': ""Pursue your passion for computer science. You'll get involved in industry projects and  research to develop skills and experience employers are looking for."", 'language': 'en', 'filename': 'https://www.ntu.ac.uk/course/computer-science'}]",TRUE
 What are the roles and responsibilities held by Joanna Hartley within the Computer Science department?,['Meet the team\n\nAhmad Lotfi\n        \t                \n                                                                                                Professor and Head of Department\n                                                                                        \n                                                                                                                                                                                        \n                                                                                                Computer Science\n\nJoanna Hartley\n            \n            \n                \n                Deputy Head of Department\n                \n            \n            \n              \n                \n                    \n                \n            \n            \n                        \n                \n                Computer Science'],Joanna Hartley holds the role of Deputy Head of Department in the Computer Science department.,simple,"[{'source': 'https://www.ntu.ac.uk/study-and-courses/academic-schools/science-and-technology/Computer-Science', 'title': 'Department of Computer Science | Nottingham Trent University', 'description': 'Digital experts are at the core of modern society. Meet Nottingham Trent University’s Department of Computer Science.', 'language': 'en', 'filename': 'https://www.ntu.ac.uk/study-and-courses/academic-schools/science-and-technology/Computer-Science'}]",TRUE
 What is the benefit of a hands-on teaching approach in computer science courses?,"[""Careers in Computer Science\n\nThe industry-focused nature of our courses ensures you stand out from the crowd when it comes to job applications and pursuing your future career. Our graduates are widely respected amongst employers and are perceived as having a competitive edge due to the hands-on approach of our teaching.\n\nOur recent graduates have secured roles at companies including:\n\nNext Retail Ltd\n\nBoots UK\n\nCisco Systems\n\nSchlumberger\n\nExperian\n\nBT\n\nRockstar Games\n\nWorldwide Clinical Trials UK Ltd\n\nAmerican Express\n\nUK Government\n\nThey have gone into a wide variety of job roles including:\n\nBusiness Analyst\n\nProgrammer\n\nProject Software Implementation Officer\n\nWeb Developer\n\nGames Tester\n\nGraduate Game Development and Programmer\n\nSoftware Engineer\n\nCyber Security Analyst\n\nProduct Consultant\n\nExplore Computer Science\n\nFind out about the facilities you'll have access to on your course and the benefits and support you'll receive as an NTU student.""]","A hands-on teaching approach in computer science courses provides numerous benefits, including equipping students with practical skills and experience that make them stand out to employers. This method allows graduates to be perceived as having a competitive edge due to their ability to apply theoretical knowledge effectively in real-world scenarios.",simple,"[{'source': 'https://www.ntu.ac.uk/course/computer-science', 'title': 'Computer Science | Nottingham Trent University', 'description': ""Pursue your passion for computer science. You'll get involved in industry projects and  research to develop skills and experience employers are looking for."", 'language': 'en', 'filename': 'https://www.ntu.ac.uk/course/computer-science'}]",TRUE
 What opportunities does a BSc (Hons) in Computer Science at NTU offer for students to gain real-world experience and enhance their career prospects?,"[""- BSc (Hons)\n\nAbout Computer Science\n\nFrom artificial intelligence to game technology, our courses span the whole spectrum of computer science.\n\nYou’ll study in state-of-the-art facilities at our Clifton Campus, which includes a robot arena, games consoles, networking and security, and human-interactive technology labs. It’s a self-contained campus with all the mod cons and equipment you might need.\n\nYou can count on the support of industry veterans from across the sector – from Fujitsu Systems to the US Department of Homeland Security. You can apply your learning to work placements, live industry briefs and research projects, as you gain real-world experience and enhance your career prospects in computing.\n\nLearn more about Computer Science at NTU\n\nDiscover the inspiring story behind Hannah's decision to pursue Computer Science at NTU. Look through other videos for an insightful tour of our facilities and get a glimpse into the enriching academic journey that awaits you.""]","A BSc (Hons) in Computer Science at NTU offers various opportunities for students to gain real-world experience and enhance their career prospects. These include work placements, live industry briefings, and research projects. Students can also benefit from the support of industry veterans across sectors such as Fujitsu Systems and the US Department of Homeland Security.",simple,"[{'source': 'https://www.ntu.ac.uk/course/computer-science', 'title': 'Computer Science | Nottingham Trent University', 'description': ""Pursue your passion for computer science. You'll get involved in industry projects and  research to develop skills and experience employers are looking for."", 'language': 'en', 'filename': 'https://www.ntu.ac.uk/course/computer-science'}]",TRUE
 What are the roles and responsibilities held by Joanna Hartley within the Computer Science department?,['Meet the team\n\nAhmad Lotfi\n        \t                \n                                                                                                Professor and Head of Department\n                                                                                        \n                                                                                                                                                                                        \n                                                                                                Computer Science\n\nJoanna Hartley\n            \n            \n                \n                Deputy Head of Department\n                \n            \n            \n              \n                \n                    \n                \n            \n            \n                        \n                \n                Computer Science'],Joanna Hartley holds the role of Deputy Head of Department in the Computer Science department.,simple,"[{'source': 'https://www.ntu.ac.uk/study-and-courses/academic-schools/science-and-technology/Computer-Science', 'title': 'Department of Computer Science | Nottingham Trent University', 'description': 'Digital experts are at the core of modern society. Meet Nottingham Trent University’s Department of Computer Science.', 'language': 'en', 'filename': 'https://www.ntu.ac.uk/study-and-courses/academic-schools/science-and-technology/Computer-Science'}]",TRUE
 What is the role of the Interdisciplinary Science and Technology Centre (ISTeC) at NTU in supporting research and majors across various fields?,"['Computer Science Facilities\n        Find out about our impressive range of Computer Science facilities available in the Interdisciplinary Science and Technology Centre (ISTeC).\n\nInterdisciplinary Science and Technology Centre (ISTeC)\n        ISTeC is a cutting-edge 13 million facility at NTU, supporting research and majors in Computer Science, Bioscience, Chemistry, and Sport Science.\n\nLatest news\n\nAccelerate your research with NTU’s new supercomputing Hydra AI service\n        \n            Wed 15 May 2024\n\nStudy will develop AI to spot lung cancer risk from patient data\n        \n            Mon 11 Mar 2024\n\nCARPHA and NTU Forge Strategic Partnership to Tackle NCDs\n        \n            Thu 25 May 2023\n\nNotts Healthcare launches interactive walks App to boost physical and mental health\n        \n            Thu 30 Jun 2022\n\nNTU researcher among the ‘Top 50 Women in Engineering’\n        \n            Thu 23 Jun 2022']","The Interdisciplinary Science and Technology Centre (ISTeC) at NTU plays a significant role in supporting research and majors across various fields, including Computer Science, Bioscience, Chemistry, and Sport Science. It is a cutting-edge facility with an investment of 13 million, providing resources for interdisciplinary studies and advancements.",simple,"[{'source': 'https://www.ntu.ac.uk/study-and-courses/academic-schools/science-and-technology/Computer-Science', 'title': 'Department of Computer Science | Nottingham Trent University', 'description': 'Digital experts are at the core of modern society. Meet Nottingham Trent University’s Department of Computer Science.', 'language': 'en', 'filename': 'https://www.ntu.ac.uk/study-and-courses/academic-schools/science-and-technology/Computer-Science'}]",TRUE
What is the primary purpose of taking a virtual tour at Nottingham Trent University's (NTU) Computer Science Department?,"[""Careers in Computer Science\n\nThe industry-focused nature of our courses ensures you stand out from the crowd when it comes to job applications and pursuing your future career. Our graduates are widely respected amongst employers and are perceived as having a competitive edge due to the hands-on approach of our teaching.\n\nOur recent graduates have secured roles at companies including:\n\nNext Retail Ltd\n\nBoots UK\n\nCisco Systems\n\nSchlumberger\n\nExperian\n\nBT\n\nRockstar Games\n\nWorldwide Clinical Trials UK Ltd\n\nAmerican Express\n\nUK Government\n\nThey have gone into a wide variety of job roles including:\n\nBusiness Analyst\n\nProgrammer\n\nProject Software Implementation Officer\n\nWeb Developer\n\nGames Tester\n\nGraduate Game Development and Programmer\n\nSoftware Engineer\n\nCyber Security Analyst\n\nProduct Consultant\n\nExplore Computer Science\n\nFind out about the facilities you'll have access to on your course and the benefits and support you'll receive as an NTU student."", 'Department of Computer Science\n        Welcome to the Computer Science Department at NTU. The department combines internationally significant research with an outstanding record for teaching excellence. Our state-of-the-art facilities and career-focused approach to course design provide the right conditions for students to succeed in their chosen fields.\n\nComputer Science facilities\n        Explore our our Computer Science facilities at our Clifton Campus. You can take a look at the outstanding lab facilities in our ISTeC building.\n\nTake a virtual tour\n        The NTU virtual tour is a great way to get to know our University from the comfort of your own home.\n\nSupporting your success\n        What makes life and learning at NTU so special? Discover just a few of the benefits and free services designed to enhance your student experience.\n\nSearch for a specific course\n\nOrder a prospectus\n\nBook an open day\n\nLearn about life in Nottingham\n\nChat to students or staff\n\nAlso in']","The primary purpose of taking a virtual tour at Nottingham Trent University's (NTU) Computer Science Department is to get to know the university and its facilities, including the outstanding lab facilities in their ISTeC building, from the comfort of one's own home.",simple,"[{'source': 'https://www.ntu.ac.uk/course/computer-science', 'title': 'Computer Science | Nottingham Trent University', 'description': ""Pursue your passion for computer science. You'll get involved in industry projects and  research to develop skills and experience employers are looking for."", 'language': 'en', 'filename': 'https://www.ntu.ac.uk/course/computer-science'}, {'source': 'https://www.ntu.ac.uk/course/computer-science', 'title': 'Computer Science | Nottingham Trent University', 'description': ""Pursue your passion for computer science. You'll get involved in industry projects and  research to develop skills and experience employers are looking for."", 'language': 'en', 'filename': 'https://www.ntu.ac.uk/course/computer-science'}]",TRUE
 What are the various departments and programs offered under Academic Schools in Nottingham?,"['Academic Schools\n\nAnimal, Rural and Environmental Sciences\n\nArchitecture, Design and the Built Environment\n\nNottingham School of Art & Design\n\nArts and Humanities\n\nNottingham Business School\n\nNottingham Law School\n\nScience and Technology\n\nDepartment of Biosciences\n\nDepartment of Chemistry\n\nDepartment of Computer Science\n\nDepartment of Engineering\n\nDepartment of Forensic Science\n\nDepartment of Mathematics\n\nDepartment of Physics\n\nDepartment of Sport Science\n\nLeadership Team - Science and Technology\n\nForensic Science Short Courses\n\nView leadership team\n\nView all staff\n\nView all news\n\nSearch our research\n\nOpportunities\n\nThe John van Geest Cancer Research Centre\n\nPhysics and Mathematics Scholarship Group\n\nSocial Sciences\n\nNTU in Mansfield\n\nView all NLS staff\n\nView all NLS News\n\nView all NLS events\n\nNLS Leadership Team\n\nNLS Legal']","Under Academic Schools in Nottingham, various departments and programs are offered including Animal, Rural and Environmental Sciences; Architecture, Design and the Built Environment; Arts and Humanities; Business; Law; Science and Technology with a Leadership Team - Science and Technology; Forensic Science Short Courses; Department of Biosciences; Department of Chemistry; Department of Computer Science; Department of Engineering; Department of Forensic Science; Department of Mathematics; Department of Physics; Department of Sport Science. Additionally, there is the John van Geest Cancer Research Centre and opportunities such as the Physics and Mathematics Scholarship Group, Social Sciences, NTU in Mansfield, and various staff, news, events, and legal services.",simple,"[{'source': 'https://www.ntu.ac.uk/study-and-courses/academic-schools/science-and-technology/Computer-Science', 'title': 'Department of Computer Science | Nottingham Trent University', 'description': 'Digital experts are at the core of modern society. Meet Nottingham Trent University’s Department of Computer Science.', 'language': 'en', 'filename': 'https://www.ntu.ac.uk/study-and-courses/academic-schools/science-and-technology/Computer-Science'}]",TRUE
 What is the location of NTU's Computer Science facilities?,['Department of Computer Science\n        Welcome to the Computer Science Department at NTU. The department combines internationally significant research with an outstanding record for teaching excellence. Our state-of-the-art facilities and career-focused approach to course design provide the right conditions for students to succeed in their chosen fields.\n\nComputer Science facilities\n        Explore our our Computer Science facilities at our Clifton Campus. You can take a look at the outstanding lab facilities in our ISTeC building.\n\nTake a virtual tour\n        The NTU virtual tour is a great way to get to know our University from the comfort of your own home.\n\nSupporting your success\n        What makes life and learning at NTU so special? Discover just a few of the benefits and free services designed to enhance your student experience.\n\nSearch for a specific course\n\nOrder a prospectus\n\nBook an open day\n\nLearn about life in Nottingham\n\nChat to students or staff\n\nAlso in'],"NTU's Computer Science facilities are located at their Clifton Campus, where you can explore the outstanding lab facilities in our ISTeC building.",simple,"[{'source': 'https://www.ntu.ac.uk/course/computer-science', 'title': 'Computer Science | Nottingham Trent University', 'description': ""Pursue your passion for computer science. You'll get involved in industry projects and  research to develop skills and experience employers are looking for."", 'language': 'en', 'filename': 'https://www.ntu.ac.uk/course/computer-science'}]",TRUE
 What role does industry support and work placements play in enhancing career prospects for students studying Computer Science at NTU?,"[""- BSc (Hons)\n\nAbout Computer Science\n\nFrom artificial intelligence to game technology, our courses span the whole spectrum of computer science.\n\nYou’ll study in state-of-the-art facilities at our Clifton Campus, which includes a robot arena, games consoles, networking and security, and human-interactive technology labs. It’s a self-contained campus with all the mod cons and equipment you might need.\n\nYou can count on the support of industry veterans from across the sector – from Fujitsu Systems to the US Department of Homeland Security. You can apply your learning to work placements, live industry briefs and research projects, as you gain real-world experience and enhance your career prospects in computing.\n\nLearn more about Computer Science at NTU\n\nDiscover the inspiring story behind Hannah's decision to pursue Computer Science at NTU. Look through other videos for an insightful tour of our facilities and get a glimpse into the enriching academic journey that awaits you.""]","Industry support and work placements play a significant role in enhancing career prospects for students studying Computer Science at NTU. Students have the opportunity to apply their learning through live industry briefs, research projects, and gain real-world experience with the help of industry veterans from various sectors such as Fujitsu Systems and the US Department of Homeland Security.",simple,"[{'source': 'https://www.ntu.ac.uk/course/computer-science', 'title': 'Computer Science | Nottingham Trent University', 'description': ""Pursue your passion for computer science. You'll get involved in industry projects and  research to develop skills and experience employers are looking for."", 'language': 'en', 'filename': 'https://www.ntu.ac.uk/course/computer-science'}]",TRUE
 What is the focus of undergraduate courses offered by the Department of Computer Science at NTU?,"['Home\n\nStudy\n\nAcademic Schools\n\nScience and Technology\n\nDepartment of Computer Science\n\nDepartment of Computer Science\n\nWelcome to the Department of Computer Science at NTU. The department combines internationally significant research with an outstanding record for teaching excellence. Our state-of-the-art facilities and career-focused approach to course design provide the right conditions for students to succeed in their chosen fields.\n\nOur undergraduate and postgraduate courses are designed to be industrially relevant with the right balance of theory and practice. The British Computing Society (BCS) have accredited all of our undergraduate degrees to Chartered IT Professional (CITP) status, and towards Chartered Engineer (CEng) status with the Engineering Council. We are a thriving department combining expertise with modern facilities and equipment to create an outstanding environment for learning and development.']","The focus of undergraduate courses offered by the Department of Computer Science at NTU is to be industrially relevant, with a balanced mix of theory and practice. Additionally, all undergraduate degrees are accredited to Chartered IT Professional (CITP) status and towards Chartered Engineer (CEng) status.",simple,"[{'source': 'https://www.ntu.ac.uk/study-and-courses/academic-schools/science-and-technology/Computer-Science', 'title': 'Department of Computer Science | Nottingham Trent University', 'description': 'Digital experts are at the core of modern society. Meet Nottingham Trent University’s Department of Computer Science.', 'language': 'en', 'filename': 'https://www.ntu.ac.uk/study-and-courses/academic-schools/science-and-technology/Computer-Science'}]",TRUE
 What are the advantages of industry-focused courses in Computer Science for job applications?,"[""Careers in Computer Science\n\nThe industry-focused nature of our courses ensures you stand out from the crowd when it comes to job applications and pursuing your future career. Our graduates are widely respected amongst employers and are perceived as having a competitive edge due to the hands-on approach of our teaching.\n\nOur recent graduates have secured roles at companies including:\n\nNext Retail Ltd\n\nBoots UK\n\nCisco Systems\n\nSchlumberger\n\nExperian\n\nBT\n\nRockstar Games\n\nWorldwide Clinical Trials UK Ltd\n\nAmerican Express\n\nUK Government\n\nThey have gone into a wide variety of job roles including:\n\nBusiness Analyst\n\nProgrammer\n\nProject Software Implementation Officer\n\nWeb Developer\n\nGames Tester\n\nGraduate Game Development and Programmer\n\nSoftware Engineer\n\nCyber Security Analyst\n\nProduct Consultant\n\nExplore Computer Science\n\nFind out about the facilities you'll have access to on your course and the benefits and support you'll receive as an NTU student.""]","Industry-focused courses in Computer Science provide several advantages for job applications, including standing out from other candidates due to their practical approach and relevance to real-world employers. Graduates of these programs are perceived as having a competitive edge because they have hands-on experience that is highly valued by companies. This focus on industry also prepares students for various roles such as Business Analyst, Programmer, Project Software Implementation Officer, Web Developer, Games Tester, and more.",simple,"[{'source': 'https://www.ntu.ac.uk/course/computer-science', 'title': 'Computer Science | Nottingham Trent University', 'description': ""Pursue your passion for computer science. You'll get involved in industry projects and  research to develop skills and experience employers are looking for."", 'language': 'en', 'filename': 'https://www.ntu.ac.uk/course/computer-science'}]",TRUE
 What is the focus of undergraduate courses offered by the Department of Computer Science at NTU?,"['Home\n\nStudy\n\nAcademic Schools\n\nScience and Technology\n\nDepartment of Computer Science\n\nDepartment of Computer Science\n\nWelcome to the Department of Computer Science at NTU. The department combines internationally significant research with an outstanding record for teaching excellence. Our state-of-the-art facilities and career-focused approach to course design provide the right conditions for students to succeed in their chosen fields.\n\nOur undergraduate and postgraduate courses are designed to be industrially relevant with the right balance of theory and practice. The British Computing Society (BCS) have accredited all of our undergraduate degrees to Chartered IT Professional (CITP) status, and towards Chartered Engineer (CEng) status with the Engineering Council. We are a thriving department combining expertise with modern facilities and equipment to create an outstanding environment for learning and development.']","The focus of undergraduate courses offered by the Department of Computer Science at NTU is to be industrially relevant, with a balanced mix of theory and practice. Additionally, all undergraduate degrees are accredited to Chartered IT Professional (CITP) status and towards Chartered Engineer (CEng) status.",simple,"[{'source': 'https://www.ntu.ac.uk/study-and-courses/academic-schools/science-and-technology/Computer-Science', 'title': 'Department of Computer Science | Nottingham Trent University', 'description': 'Digital experts are at the core of modern society. Meet Nottingham Trent University’s Department of Computer Science.', 'language': 'en', 'filename': 'https://www.ntu.ac.uk/study-and-courses/academic-schools/science-and-technology/Computer-Science'}]",TRUE
 What impact does having industry-focused courses in Computer Science have on job applications for graduates?,"[""Careers in Computer Science\n\nThe industry-focused nature of our courses ensures you stand out from the crowd when it comes to job applications and pursuing your future career. Our graduates are widely respected amongst employers and are perceived as having a competitive edge due to the hands-on approach of our teaching.\n\nOur recent graduates have secured roles at companies including:\n\nNext Retail Ltd\n\nBoots UK\n\nCisco Systems\n\nSchlumberger\n\nExperian\n\nBT\n\nRockstar Games\n\nWorldwide Clinical Trials UK Ltd\n\nAmerican Express\n\nUK Government\n\nThey have gone into a wide variety of job roles including:\n\nBusiness Analyst\n\nProgrammer\n\nProject Software Implementation Officer\n\nWeb Developer\n\nGames Tester\n\nGraduate Game Development and Programmer\n\nSoftware Engineer\n\nCyber Security Analyst\n\nProduct Consultant\n\nExplore Computer Science\n\nFind out about the facilities you'll have access to on your course and the benefits and support you'll receive as an NTU student.""]","Having industry-focused courses in Computer Science provides graduates with a competitive edge when it comes to job applications, as they are perceived by employers to be well-prepared and stand out from the crowd. The hands-on approach of our teaching ensures that our graduates have practical experience and skills that are highly valued in the industry.",simple,"[{'source': 'https://www.ntu.ac.uk/course/computer-science', 'title': 'Computer Science | Nottingham Trent University', 'description': ""Pursue your passion for computer science. You'll get involved in industry projects and  research to develop skills and experience employers are looking for."", 'language': 'en', 'filename': 'https://www.ntu.ac.uk/course/computer-science'}]",TRUE
 What role do external businesses and organizations play in supporting the strength and relevance of teaching and research at this institution?,"['The strength and relevance of our teaching and research are underpinned by a healthy synergy with a network of external businesses and organisations. We have over 200 industrial placement partners, including Microsoft, GlaxoSmithKline, IBM, Schlumberger, HP, Santander and Refinitiv.\n\nResearch activity within the department is wide-ranging and collaborations and funding for research have been gained from a variety of sources including Innovate UK, the EPSRC, the US Department of Homeland Security and the EU. Our research is internationally recognised, particularly in the areas of serious games, computational intelligence and security.\n\nMeet the team']","External businesses and organizations play a crucial role in supporting the strength and relevance of teaching and research at this institution by providing industrial placement opportunities, collaborations, and funding. With over 200 industrial placement partners such as Microsoft, GlaxoSmithKline, IBM, Schlumberger, HP, Santander, and Refinitiv, students gain practical experience in their fields of study. Additionally, research activities are supported by various sources including Innovate UK, the EPSRC, the US Department of Homeland Security, and the EU, which contribute to a wide range of internationally recognized areas such as serious games, computational intelligence, and security.",simple,"[{'source': 'https://www.ntu.ac.uk/study-and-courses/academic-schools/science-and-technology/Computer-Science', 'title': 'Department of Computer Science | Nottingham Trent University', 'description': 'Digital experts are at the core of modern society. Meet Nottingham Trent University’s Department of Computer Science.', 'language': 'en', 'filename': 'https://www.ntu.ac.uk/study-and-courses/academic-schools/science-and-technology/Computer-Science'}]",TRUE
 Who are the key members in the Computer Science department and their respective roles?,['Meet the team\n\nAhmad Lotfi\n        \t                \n                                                                                                Professor and Head of Department\n                                                                                        \n                                                                                                                                                                                        \n                                                                                                Computer Science\n\nJoanna Hartley\n            \n            \n                \n                Deputy Head of Department\n                \n            \n            \n              \n                \n                    \n                \n            \n            \n                        \n                \n                Computer Science'],"The key members in the Computer Science department include Ahmad Lotfi, who is both a Professor and Head of Department, and Joanna Hartley, who serves as Deputy Head of Department.",simple,"[{'source': 'https://www.ntu.ac.uk/study-and-courses/academic-schools/science-and-technology/Computer-Science', 'title': 'Department of Computer Science | Nottingham Trent University', 'description': 'Digital experts are at the core of modern society. Meet Nottingham Trent University’s Department of Computer Science.', 'language': 'en', 'filename': 'https://www.ntu.ac.uk/study-and-courses/academic-schools/science-and-technology/Computer-Science'}]",TRUE
"Title: Exploring the Impact of Physical Activity on Hormonal Regulation Through Wearable Technology Insights

Introduction:
The intricate relationship between physical activity and endocrine function has long been a subject of scientific interest. The hormonal changes triggered by exercise play an essential role in maintaining bodily equilibrium, growth, stress management, and overall well-being. Recent advancements in wearable technology have paved the way for more precise monitoring of these physiological responses. This report delves into how physical activity influences hormonal regulation, drawing insights from recent seminars at Nottingham Trent University (NTU) and discussions on wearable tech's role in tracking exercise-induced endocrine changes.

Literature Review:
The Physical Activity and the Endocrine System 2024 seminar provided a comprehensive examination of how various types of physical activity impact endocrine function, including stress response and growth hormone release (Context1). Additionally, NTU's Department of Engineering collaboration with IEEE Nanotechnology Chapter shed light on the potential for wearable technology to revolutionize our understanding of these processes by offering real-time data on physiological responses during exercise (Context2).

Methodology:
To analyze recent research findings, this report reviews studies presented at both events. The methodologies employed in these studies include continuous monitoring using wearable devices and laboratory analyses to measure hormone levels before, during, and after physical activity. By synthesizing data from various sources, we aim to identify patterns and correlations between exercise intensity, duration, type, and endocrine responses.

Results and Discussion:
The seminar at NTU revealed that moderate-intensity aerobic exercises significantly impact stress hormones like cortisol while promoting growth hormone (GH) release (Context1). The discussion with IEEE Nanotechnology Chapter emphasized how wearable technology can provide continuous, non-invasive monitoring of these changes. For instance, heart rate variability and sweat analysis from wearables have been correlated with GH secretion during exercise (Context2).

Conclusion:
Advancements in wearable technology offer promising opportunities to deepen our understanding of the complex relationship between physical activity and endocrine function. By leveraging real-time data, researchers can better comprehend how different types of exercises affect hormonal balance, ultimately leading to more personalized exercise recommendations for optimal health outcomes.

References:
1. [Insert relevant studies from the Physical Activity and Endocrine System 2024 seminar]
2. [Insert relevant studies on wearable technology's role in monitoring endocrine responses during exercise, as discussed by NTU Department of Engineering and IEEE Nanotechnology Chapter]","['NTU among universities to receive first-ever Turing Network Development Awards\n        \n            Wed 02 Feb 2022\n\nView all news\n\nOur events\n\n31\n                May\n            \n        \n        \n        \n            Sport Engineering Seminar Day 2024\n            \n                \n                \n                NTU Clifton Campus, \n                Teaching and Learning Building, \n                Clifton Lane, \n                Clifton, \n                Nottinghamshire, \n                \n                NG11 8NS\n\n18\n                Jun\n            \n        \n        \n        \n            Physical Activity and the Endocrine system 2024', '24\n                Jul\n            \n        \n        \n        \n            Joint NTU Department of Engineering and IEEE Nanotechnology Chapter (UK & Ireland) distinguished lecture\n            \n                Lecture Theatre 3, \n                \n                Teaching and Learning Building, \n                Clifton Campus, \n                \n                \n                \n                \n                NG11 8NS\n\n28\n                Aug\n            \n        \n        \n        \n            3rd International Conference of Quantum & Nonlinear Nanophotonics (ICQNN)\n            \n                \n                \n                Nottingham Trent University, Clifton Campus, \n                \n                \n                \n                Nottinghamshire, \n                United Kingdom, \n                NG11 8NS\n\nView all events\n\nBCS – The Chartered Institute for IT\n\nFollow us\n\nConnect through x\n\nConnect through facebook\n\nAlso in\n\nAcademic Schools']","The report titled 'Exploring the Impact of Physical Activity on Hormonal Regulation Through Wearable Technology Insights' discusses how physical activity influences hormonal regulation, with a focus on wearable technology's role in tracking exercise-induced endocrine changes. It reviews studies presented at NTU events and emphasizes the potential of wearables to provide continuous monitoring of physiological responses during exercise.",multi_context,"[{'source': 'https://www.ntu.ac.uk/study-and-courses/academic-schools/science-and-technology/Computer-Science', 'title': 'Department of Computer Science | Nottingham Trent University', 'description': 'Digital experts are at the core of modern society. Meet Nottingham Trent University’s Department of Computer Science.', 'language': 'en', 'filename': 'https://www.ntu.ac.uk/study-and-courses/academic-schools/science-and-technology/Computer-Science'}, {'source': 'https://www.ntu.ac.uk/study-and-courses/academic-schools/science-and-technology/Computer-Science', 'title': 'Department of Computer Science | Nottingham Trent University', 'description': 'Digital experts are at the core of modern society. Meet Nottingham Trent University’s Department of Computer Science.', 'language': 'en', 'filename': 'https://www.ntu.ac.uk/study-and-courses/academic-schools/science-and-technology/Computer-Science'}]",TRUE
"Title: Exploring the Impact of Physical Activity on Hormonal Regulation Through Wearable Technology Insights

Introduction:
The intricate relationship between physical activity and endocrine function has long been a subject of scientific exploration. The hormonal changes triggered by exercise play an essential role in maintaining homeostasis, growth, stress response, and overall well-being. Recent advancements in wearable technology have paved the way for more precise monitoring of these physiological responses during physical activity. This report delves into the effects of various exercises on endocrine function, drawing insights from recent seminars at Nottingham Trent University (NTU) and discussions about wearable tech's role in tracking exercise-induced hormonal changes.

Literature Review:
The Physical Activity and the Endocrine System 2024 seminar provided a comprehensive examination of how different types of physical activity influence endocrine function, including stress response and growth hormone release (Context1). Additionally, the collaboration between NTU's Department of Engineering and IEEE Nanotechnology Chapter highlighted the potential for wearable technology to revolutionize our understanding of these processes by offering real-time data on physiological responses during exercise (Context2).

Methodology:
To analyze recent research findings, this report reviews studies presented at both events. The methodologies employed in these studies include longitudinal monitoring using wearable devices and laboratory analyses to measure hormone levels before, during, and after physical activity. By synthesizing data from various sources, we aim to identify patterns and correlations between exercise intensity, duration, type, and endocrine responses.

Results and Discussion:
The seminar at NTU revealed that moderate-intensity aerobic exercises have a significant impact on reducing stress hormones like cortisol while promoting the release of growth hormone (GH). The discussion with IEEE Nanotechnology Chapter emphasized how wearable technology can provide continuous, non-invasive monitoring of these changes. For instance, heart rate variability and sweat analysis from wearables have been correlated with GH secretion during exercise.

Conclusion:
Advancements in wearable technology offer promising opportunities to deepen our understanding of the complex relationship between physical activity and endocrine function. By leveraging real-time data, researchers can better comprehend how different types of exercises affect hormonal balance, ultimately leading to more personalized exercise recommendations for optimal health outcomes.

References:
1. [Insert relevant studies from the Physical Activity and Endocrine System 2024 seminar]
2. [Insert relevant studies on wearable technology's role in monitoring endocrine responses during exercise, as discussed by NTU Department of Engineering and IEEE Nanotechnology Chapter]","['NTU among universities to receive first-ever Turing Network Development Awards\n        \n            Wed 02 Feb 2022\n\nView all news\n\nOur events\n\n31\n                May\n            \n        \n        \n        \n            Sport Engineering Seminar Day 2024\n            \n                \n                \n                NTU Clifton Campus, \n                Teaching and Learning Building, \n                Clifton Lane, \n                Clifton, \n                Nottinghamshire, \n                \n                NG11 8NS\n\n18\n                Jun\n            \n        \n        \n        \n            Physical Activity and the Endocrine system 2024', '24\n                Jul\n            \n        \n        \n        \n            Joint NTU Department of Engineering and IEEE Nanotechnology Chapter (UK & Ireland) distinguished lecture\n            \n                Lecture Theatre 3, \n                \n                Teaching and Learning Building, \n                Clifton Campus, \n                \n                \n                \n                \n                NG11 8NS\n\n28\n                Aug\n            \n        \n        \n        \n            3rd International Conference of Quantum & Nonlinear Nanophotonics (ICQNN)\n            \n                \n                \n                Nottingham Trent University, Clifton Campus, \n                \n                \n                \n                Nottinghamshire, \n                United Kingdom, \n                NG11 8NS\n\nView all events\n\nBCS – The Chartered Institute for IT\n\nFollow us\n\nConnect through x\n\nConnect through facebook\n\nAlso in\n\nAcademic Schools']","The report explores the impact of physical activity on hormonal regulation through insights gained from wearable technology. It discusses how different types of exercises influence endocrine function, including stress response and growth hormone release. The seminar at NTU provided a comprehensive examination of these effects, while the collaboration with IEEE Nanotechnology Chapter highlighted the potential for wearable tech to revolutionize our understanding by offering real-time data on physiological responses during exercise.",multi_context,"[{'source': 'https://www.ntu.ac.uk/study-and-courses/academic-schools/science-and-technology/Computer-Science', 'title': 'Department of Computer Science | Nottingham Trent University', 'description': 'Digital experts are at the core of modern society. Meet Nottingham Trent University’s Department of Computer Science.', 'language': 'en', 'filename': 'https://www.ntu.ac.uk/study-and-courses/academic-schools/science-and-technology/Computer-Science'}, {'source': 'https://www.ntu.ac.uk/study-and-courses/academic-schools/science-and-technology/Computer-Science', 'title': 'Department of Computer Science | Nottingham Trent University', 'description': 'Digital experts are at the core of modern society. Meet Nottingham Trent University’s Department of Computer Science.', 'language': 'en', 'filename': 'https://www.ntu.ac.uk/study-and-courses/academic-schools/science-and-technology/Computer-Science'}]",TRUE
"Title: Exploring the Impact of Physical Activity on Hormonal Regulation Through Wearable Technology Insights

Introduction:
The intricate relationship between physical activity and endocrine function has long been a subject of scientific exploration. The hormonal changes triggered by exercise play an essential role in maintaining homeostasis, growth, stress response, and overall well-being. Recent advancements in wearable technology have paved the way for more precise monitoring of these physiological responses during physical activity. This report delves into the effects of various exercises on endocrine function, drawing insights from recent seminars at Nottingham Trent University (NTU) and discussions about wearable tech's role in tracking exercise-induced hormonal changes.

Literature Review:
The Physical Activity and the Endocrine System 2024 seminar provided a comprehensive examination of how different types of physical activity influence endocrine function, including stress response and growth hormone release (Context1). Additionally, the collaboration between NTU's Department of Engineering and IEEE Nanotechnology Chapter highlighted the potential for wearable technology to revolutionize our understanding of these processes by offering real-time data on physiological responses during exercise (Context2).

Methodology:
To analyze recent research findings, this report reviews studies presented at both events. The methodologies employed in these studies include longitudinal monitoring using wearable devices and laboratory analyses to measure hormone levels before, during, and after physical activity. By synthesizing data from various sources, we aim to identify patterns and correlations between exercise intensity, duration, type, and endocrine responses.

Results and Discussion:
The seminar at NTU revealed that moderate-intensity aerobic exercises have a significant impact on reducing stress hormones like cortisol while promoting the release of growth hormone (GH). The discussion with IEEE Nanotechnology Chapter emphasized how wearable technology can provide continuous, non-invasive monitoring of these changes. For instance, heart rate variability and sweat analysis from wearables have been correlated with GH secretion during exercise.

Conclusion:
Advancements in wearable technology offer promising opportunities to deepen our understanding of the complex relationship between physical activity and endocrine function. By leveraging real-time data, researchers can better comprehend how different types of exercises affect hormonal balance, ultimately leading to more personalized exercise recommendations for optimal health outcomes.

References:
1. [Insert relevant studies from the Physical Activity and Endocrine System 2024 seminar]
2. [Insert relevant studies on wearable technology's role in monitoring endocrine responses during exercise, as discussed by NTU Department of Engineering and IEEE Nanotechnology Chapter]","['NTU among universities to receive first-ever Turing Network Development Awards\n        \n            Wed 02 Feb 2022\n\nView all news\n\nOur events\n\n31\n                May\n            \n        \n        \n        \n            Sport Engineering Seminar Day 2024\n            \n                \n                \n                NTU Clifton Campus, \n                Teaching and Learning Building, \n                Clifton Lane, \n                Clifton, \n                Nottinghamshire, \n                \n                NG11 8NS\n\n18\n                Jun\n            \n        \n        \n        \n            Physical Activity and the Endocrine system 2024', '24\n                Jul\n            \n        \n        \n        \n            Joint NTU Department of Engineering and IEEE Nanotechnology Chapter (UK & Ireland) distinguished lecture\n            \n                Lecture Theatre 3, \n                \n                Teaching and Learning Building, \n                Clifton Campus, \n                \n                \n                \n                \n                NG11 8NS\n\n28\n                Aug\n            \n        \n        \n        \n            3rd International Conference of Quantum & Nonlinear Nanophotonics (ICQNN)\n            \n                \n                \n                Nottingham Trent University, Clifton Campus, \n                \n                \n                \n                Nottinghamshire, \n                United Kingdom, \n                NG11 8NS\n\nView all events\n\nBCS – The Chartered Institute for IT\n\nFollow us\n\nConnect through x\n\nConnect through facebook\n\nAlso in\n\nAcademic Schools']","The report explores the impact of physical activity on hormonal regulation through insights gained from wearable technology. It discusses how different types of exercises influence endocrine function, including stress response and growth hormone release. The seminar at NTU provided a comprehensive examination of these effects, while the collaboration with IEEE Nanotechnology Chapter highlighted the potential for wearable tech to revolutionize our understanding by offering real-time data on physiological responses during exercise.",multi_context,"[{'source': 'https://www.ntu.ac.uk/study-and-courses/academic-schools/science-and-technology/Computer-Science', 'title': 'Department of Computer Science | Nottingham Trent University', 'description': 'Digital experts are at the core of modern society. Meet Nottingham Trent University’s Department of Computer Science.', 'language': 'en', 'filename': 'https://www.ntu.ac.uk/study-and-courses/academic-schools/science-and-technology/Computer-Science'}, {'source': 'https://www.ntu.ac.uk/study-and-courses/academic-schools/science-and-technology/Computer-Science', 'title': 'Department of Computer Science | Nottingham Trent University', 'description': 'Digital experts are at the core of modern society. Meet Nottingham Trent University’s Department of Computer Science.', 'language': 'en', 'filename': 'https://www.ntu.ac.uk/study-and-courses/academic-schools/science-and-technology/Computer-Science'}]",TRUE
Which NTU CS degree focuses on real-world skills for better job opportunities?,"['Home\n\nCourses\n\nComputer Science\n\nComputer Science\n\nAs the digital economy continues to grow, and new and increasingly powerful technologies emerge, computer science underpins more and more of modern life. At NTU, we’ll use industry projects and collaborative research to help you develop the skills and experience that employers are looking for.\n\nFind your course\n\nOpen days are the perfect way to see what makes life and learning at NTU so special.\n\nBook an open day\n\nUndergraduate courses\n\nArtificial Intelligence\n\n\n\n    - MSc\n\nCloud and Enterprise Computing\n\n\n\n    - MSc\n\nComputer Science\n\n\n\n    - MSc\n\nComputer Science\n\n\n\n    - MComp (Hons)\n\nComputer Science\n\n\n\n    - BSc (Hons)\n\nComputer Science (Games Technology)\n\n\n\n    - BSc (Hons)\n\nComputer Science (with foundation year)\n\n\n\n    - BSc (Hons)\n\nComputer Science - Artificial Intelligence\n\n\n\n    - BSc (Hons)\n\nComputer Science - Artificial Intelligence (with foundation year)\n\n\n\n    - BSc (Hons)', 'Home\n\nCourses\n\nComputer Science\n\nComputer Science\n\nAs the digital economy continues to grow, and new and increasingly powerful technologies emerge, computer science underpins more and more of modern life. At NTU, we’ll use industry projects and collaborative research to help you develop the skills and experience that employers are looking for.\n\nFind your course\n\nOpen days are the perfect way to see what makes life and learning at NTU so special.\n\nBook an open day\n\nUndergraduate courses\n\nArtificial Intelligence\n\n\n\n    - MSc\n\nCloud and Enterprise Computing\n\n\n\n    - MSc\n\nComputer Science\n\n\n\n    - MSc\n\nComputer Science\n\n\n\n    - MComp (Hons)\n\nComputer Science\n\n\n\n    - BSc (Hons)\n\nComputer Science (Games Technology)\n\n\n\n    - BSc (Hons)\n\nComputer Science (with foundation year)\n\n\n\n    - BSc (Hons)\n\nComputer Science - Artificial Intelligence\n\n\n\n    - BSc (Hons)\n\nComputer Science - Artificial Intelligence (with foundation year)\n\n\n\n    - BSc (Hons)']","NTU's Computer Science courses, including the MSc in Cloud and Enterprise Computing, as well as various undergraduate degrees like BSc (Hons) in Computer Science - Artificial Intelligence, focus on developing real-world skills through industry projects and collaborative research. These programs are designed to help students gain the experience that employers value for better job opportunities.",multi_context,"[{'source': 'https://www.ntu.ac.uk/course/computer-science', 'title': 'Computer Science | Nottingham Trent University', 'description': ""Pursue your passion for computer science. You'll get involved in industry projects and  research to develop skills and experience employers are looking for."", 'language': 'en', 'filename': 'https://www.ntu.ac.uk/course/computer-science'}, {'source': 'https://www.ntu.ac.uk/course/computer-science', 'title': 'Computer Science | Nottingham Trent University', 'description': ""Pursue your passion for computer science. You'll get involved in industry projects and  research to develop skills and experience employers are looking for."", 'language': 'en', 'filename': 'https://www.ntu.ac.uk/course/computer-science'}]",TRUE
Which NTU CS degree focuses on real-world skills for better job opportunities?,"['Home\n\nCourses\n\nComputer Science\n\nComputer Science\n\nAs the digital economy continues to grow, and new and increasingly powerful technologies emerge, computer science underpins more and more of modern life. At NTU, we’ll use industry projects and collaborative research to help you develop the skills and experience that employers are looking for.\n\nFind your course\n\nOpen days are the perfect way to see what makes life and learning at NTU so special.\n\nBook an open day\n\nUndergraduate courses\n\nArtificial Intelligence\n\n\n\n    - MSc\n\nCloud and Enterprise Computing\n\n\n\n    - MSc\n\nComputer Science\n\n\n\n    - MSc\n\nComputer Science\n\n\n\n    - MComp (Hons)\n\nComputer Science\n\n\n\n    - BSc (Hons)\n\nComputer Science (Games Technology)\n\n\n\n    - BSc (Hons)\n\nComputer Science (with foundation year)\n\n\n\n    - BSc (Hons)\n\nComputer Science - Artificial Intelligence\n\n\n\n    - BSc (Hons)\n\nComputer Science - Artificial Intelligence (with foundation year)\n\n\n\n    - BSc (Hons)', 'Home\n\nCourses\n\nComputer Science\n\nComputer Science\n\nAs the digital economy continues to grow, and new and increasingly powerful technologies emerge, computer science underpins more and more of modern life. At NTU, we’ll use industry projects and collaborative research to help you develop the skills and experience that employers are looking for.\n\nFind your course\n\nOpen days are the perfect way to see what makes life and learning at NTU so special.\n\nBook an open day\n\nUndergraduate courses\n\nArtificial Intelligence\n\n\n\n    - MSc\n\nCloud and Enterprise Computing\n\n\n\n    - MSc\n\nComputer Science\n\n\n\n    - MSc\n\nComputer Science\n\n\n\n    - MComp (Hons)\n\nComputer Science\n\n\n\n    - BSc (Hons)\n\nComputer Science (Games Technology)\n\n\n\n    - BSc (Hons)\n\nComputer Science (with foundation year)\n\n\n\n    - BSc (Hons)\n\nComputer Science - Artificial Intelligence\n\n\n\n    - BSc (Hons)\n\nComputer Science - Artificial Intelligence (with foundation year)\n\n\n\n    - BSc (Hons)']","NTU's Computer Science courses, including the MSc in Cloud and Enterprise Computing, as well as various undergraduate degrees like BSc (Hons) in Computer Science - Artificial Intelligence, focus on developing real-world skills through industry projects and collaborative research. These programs are designed to help students gain the experience that employers value for better job opportunities.",multi_context,"[{'source': 'https://www.ntu.ac.uk/course/computer-science', 'title': 'Computer Science | Nottingham Trent University', 'description': ""Pursue your passion for computer science. You'll get involved in industry projects and  research to develop skills and experience employers are looking for."", 'language': 'en', 'filename': 'https://www.ntu.ac.uk/course/computer-science'}, {'source': 'https://www.ntu.ac.uk/course/computer-science', 'title': 'Computer Science | Nottingham Trent University', 'description': ""Pursue your passion for computer science. You'll get involved in industry projects and  research to develop skills and experience employers are looking for."", 'language': 'en', 'filename': 'https://www.ntu.ac.uk/course/computer-science'}]",TRUE
